{
    "results": [
        {
            "gender": "male",
            "name": {
                "title": "mr",
                "first": "nicholas",
                "last": "ray"
            },
            "location": {
                "street": "1006 e sandy lake rd",
                "city": "tweed",
                "state": "western australia",
                "postcode": 4774,
                "coordinates": {
                    "latitude": "-88.6657",
                    "longitude": "-21.7945"
                },
                "timezone": {
                    "offset": "+10:00",
                    "description": "Eastern Australia, Guam, Vladivostok"
                }
            },
            "email": "nicholas.ray@example.com",
            "login": {
                "uuid": "bbfe3ef8-b804-42e3-b412-6f737473ae79",
                "username": "beautifulcat473",
                "password": "cricket",
                "salt": "TFbsj6nS",
                "md5": "668f61323cfde6c42bc32f251a6c676f",
                "sha1": "5168ffce099e7245b6362602d2d8f95be066176b",
                "sha256": "05270311055cd0490e3592f30b3ca72c06422c602eca18afe57079621c861013"
            },
            "dob": {
                "date": "1994-11-15T13:28:44Z",
                "age": 24
            },
            "registered": {
                "date": "2010-04-16T14:22:53Z",
                "age": 8
            },
            "phone": "04-2416-9469",
            "cell": "0425-910-471",
            "id": {
                "name": "TFN",
                "value": "378740102"
            },
            "picture": {
                "large": "https://randomuser.me/api/portraits/men/20.jpg",
                "medium": "https://randomuser.me/api/portraits/med/men/20.jpg",
                "thumbnail": "https://randomuser.me/api/portraits/thumb/men/20.jpg"
            },
            "nat": "AU"
        },
        {
            "gender": "female",
            "name": {
                "title": "miss",
                "first": "sofia",
                "last": "roy"
            },
            "location": {
                "street": "1904 parliament st",
                "city": "south river",
                "state": "nunavut",
                "postcode": "U6C 3U3",
                "coordinates": {
                    "latitude": "73.5347",
                    "longitude": "-91.7100"
                },
                "timezone": {
                    "offset": "0:00",
                    "description": "Western Europe Time, London, Lisbon, Casablanca"
                }
            },
            "email": "sofia.roy@example.com",
            "login": {
                "uuid": "8f206b25-ceb7-4021-8712-eec273bc9c96",
                "username": "beautifulbear625",
                "password": "dougie",
                "salt": "JxR4vSgg",
                "md5": "5c279ad06c61e01afc03374faa6fd5d1",
                "sha1": "40994bd5fd43da1c6e8349586e9568b50fad3929",
                "sha256": "9f8ee280d01cbe5f14394b2ea2ddc421191fcd275826ff3df8148688a8ba4a73"
            },
            "dob": {
                "date": "1992-11-30T22:36:49Z",
                "age": 25
            },
            "registered": {
                "date": "2005-02-25T01:53:25Z",
                "age": 13
            },
            "phone": "659-989-1985",
            "cell": "821-548-7715",
            "id": {
                "name": "",
                "value": null
            },
            "picture": {
                "large": "https://randomuser.me/api/portraits/women/1.jpg",
                "medium": "https://randomuser.me/api/portraits/med/women/1.jpg",
                "thumbnail": "https://randomuser.me/api/portraits/thumb/women/1.jpg"
            },
            "nat": "CA"
        },
        {
            "gender": "male",
            "name": {
                "title": "mr",
                "first": "joel",
                "last": "kotila"
            },
            "location": {
                "street": "267 hermiankatu",
                "city": "kitee",
                "state": "ostrobothnia",
                "postcode": 37428,
                "coordinates": {
                    "latitude": "37.3522",
                    "longitude": "140.8424"
                },
                "timezone": {
                    "offset": "+5:45",
                    "description": "Kathmandu"
                }
            },
            "email": "joel.kotila@example.com",
            "login": {
                "uuid": "5b114009-e20b-49ff-8e2f-d9d3287dcc29",
                "username": "beautifulbutterfly883",
                "password": "barbara",
                "salt": "D1GJPt1b",
                "md5": "09909744999070f28e95cdbbd2b18a4e",
                "sha1": "1ae9a4309fb9f85ad559be1385e34d526f260571",
                "sha256": "2bcf058557f7f835c474dad10f123cc97d61853c48ff02cc39fb833b2908c8ae"
            },
            "dob": {
                "date": "1961-10-28T00:43:54Z",
                "age": 57
            },
            "registered": {
                "date": "2007-10-02T01:49:46Z",
                "age": 11
            },
            "phone": "04-796-240",
            "cell": "041-936-35-08",
            "id": {
                "name": "HETU",
                "value": "NaNNA473undefined"
            },
            "picture": {
                "large": "https://randomuser.me/api/portraits/men/63.jpg",
                "medium": "https://randomuser.me/api/portraits/med/men/63.jpg",
                "thumbnail": "https://randomuser.me/api/portraits/thumb/men/63.jpg"
            },
            "nat": "FI"
        },
        {
            "gender": "female",
            "name": {
                "title": "ms",
                "first": "nanna",
                "last": "thomsen"
            },
            "location": {
                "street": "7665 åkandevej",
                "city": "bælum",
                "state": "syddanmark",
                "postcode": 77725,
                "coordinates": {
                    "latitude": "54.2429",
                    "longitude": "41.3832"
                },
                "timezone": {
                    "offset": "+2:00",
                    "description": "Kaliningrad, South Africa"
                }
            },
            "email": "nanna.thomsen@example.com",
            "login": {
                "uuid": "16c57656-b035-4747-989a-5d0111d55a4b",
                "username": "redswan893",
                "password": "horseman",
                "salt": "dMD7xjb5",
                "md5": "8ce4590ecb1fc4472341724d5c118046",
                "sha1": "dacbc22e695eb5029877dc220c1ffe835ed8e22d",
                "sha256": "bd40e90640d9fb6cb7cf3f0ead87704d6ce813490b72995a75e8e8834910381f"
            },
            "dob": {
                "date": "1958-10-08T23:09:32Z",
                "age": 60
            },
            "registered": {
                "date": "2015-04-07T20:37:07Z",
                "age": 3
            },
            "phone": "26141457",
            "cell": "63204832",
            "id": {
                "name": "CPR",
                "value": "988252-0973"
            },
            "picture": {
                "large": "https://randomuser.me/api/portraits/women/93.jpg",
                "medium": "https://randomuser.me/api/portraits/med/women/93.jpg",
                "thumbnail": "https://randomuser.me/api/portraits/thumb/women/93.jpg"
            },
            "nat": "DK"
        },
        {
            "gender": "male",
            "name": {
                "title": "mr",
                "first": "mikail",
                "last": "rekkedal"
            },
            "location": {
                "street": "arildsvingen 7849",
                "city": "søgne",
                "state": "buskerud",
                "postcode": "5529",
                "coordinates": {
                    "latitude": "81.4165",
                    "longitude": "58.8392"
                },
                "timezone": {
                    "offset": "-10:00",
                    "description": "Hawaii"
                }
            },
            "email": "mikail.rekkedal@example.com",
            "login": {
                "uuid": "3601e5a5-90d6-4c55-abff-8cf2dc0a7e62",
                "username": "ticklishmouse244",
                "password": "jiang",
                "salt": "mkVdfdn6",
                "md5": "c967541e6c31ca061ac4aecdc14bffa3",
                "sha1": "583a3e2ccc3ba67e36610cb3b2159680dce0e463",
                "sha256": "a206babcd8219357fa39d6d4f2c131aa0da417680d2841d390bb457b4377a672"
            },
            "dob": {
                "date": "1968-03-22T05:00:24Z",
                "age": 50
            },
            "registered": {
                "date": "2011-05-17T15:34:55Z",
                "age": 7
            },
            "phone": "82466802",
            "cell": "42886621",
            "id": {
                "name": "FN",
                "value": "22036837083"
            },
            "picture": {
                "large": "https://randomuser.me/api/portraits/men/85.jpg",
                "medium": "https://randomuser.me/api/portraits/med/men/85.jpg",
                "thumbnail": "https://randomuser.me/api/portraits/thumb/men/85.jpg"
            },
            "nat": "NO"
        },
        {
            "gender": "female",
            "name": {
                "title": "mrs",
                "first": "angelica",
                "last": "arnøy"
            },
            "location": {
                "street": "anton schjøths gate 4832",
                "city": "kjøpmannsskjær",
                "state": "sør-trøndelag",
                "postcode": "1386",
                "coordinates": {
                    "latitude": "-86.3804",
                    "longitude": "146.9735"
                },
                "timezone": {
                    "offset": "+8:00",
                    "description": "Beijing, Perth, Singapore, Hong Kong"
                }
            },
            "email": "angelica.arnøy@example.com",
            "login": {
                "uuid": "7ade4cf3-a162-479b-b631-7d64ede3930f",
                "username": "angrylion575",
                "password": "northern",
                "salt": "4mWf7ny9",
                "md5": "e91b3a36164bfecccc48d0ab905666d4",
                "sha1": "e8309230e02ca0e54b0ecbcd1a4d6f126d2edf93",
                "sha256": "6c484b69dcb87098b1310a0dd69a9aacb53ed062f74e752da65adb43b78171c1"
            },
            "dob": {
                "date": "1964-04-06T05:37:02Z",
                "age": 54
            },
            "registered": {
                "date": "2010-03-29T01:32:24Z",
                "age": 8
            },
            "phone": "69442950",
            "cell": "47925093",
            "id": {
                "name": "FN",
                "value": "06046403922"
            },
            "picture": {
                "large": "https://randomuser.me/api/portraits/women/42.jpg",
                "medium": "https://randomuser.me/api/portraits/med/women/42.jpg",
                "thumbnail": "https://randomuser.me/api/portraits/thumb/women/42.jpg"
            },
            "nat": "NO"
        },
        {
            "gender": "female",
            "name": {
                "title": "mrs",
                "first": "isobel",
                "last": "moore"
            },
            "location": {
                "street": "5152 coronation avenue",
                "city": "christchurch",
                "state": "auckland",
                "postcode": 58130,
                "coordinates": {
                    "latitude": "45.2590",
                    "longitude": "-53.7055"
                },
                "timezone": {
                    "offset": "-3:00",
                    "description": "Brazil, Buenos Aires, Georgetown"
                }
            },
            "email": "isobel.moore@example.com",
            "login": {
                "uuid": "c5aa170d-2e32-4c01-83e7-da279de36aae",
                "username": "sadfrog504",
                "password": "teddy",
                "salt": "4MzKfvUC",
                "md5": "bd6f60e06594fa23e53304791ef1b903",
                "sha1": "d12c4e00a544a3a18a446ad01f6c016effb6d73a",
                "sha256": "e234ba19fb73f108e8b795e8a53e1f1a1e618b3f2a1f6c6d57ea991fc3b87902"
            },
            "dob": {
                "date": "1974-12-31T19:27:34Z",
                "age": 43
            },
            "registered": {
                "date": "2002-07-31T20:01:41Z",
                "age": 16
            },
            "phone": "(372)-050-9952",
            "cell": "(606)-185-9927",
            "id": {
                "name": "",
                "value": null
            },
            "picture": {
                "large": "https://randomuser.me/api/portraits/women/0.jpg",
                "medium": "https://randomuser.me/api/portraits/med/women/0.jpg",
                "thumbnail": "https://randomuser.me/api/portraits/thumb/women/0.jpg"
            },
            "nat": "NZ"
        },
        {
            "gender": "male",
            "name": {
                "title": "mr",
                "first": "ole",
                "last": "bratli"
            },
            "location": {
                "street": "østre vei 923",
                "city": "eggkleiva",
                "state": "hordaland",
                "postcode": "1592",
                "coordinates": {
                    "latitude": "-82.7234",
                    "longitude": "-87.2797"
                },
                "timezone": {
                    "offset": "+8:00",
                    "description": "Beijing, Perth, Singapore, Hong Kong"
                }
            },
            "email": "ole.bratli@example.com",
            "login": {
                "uuid": "03dea941-4c9c-4910-9df0-6b1e3c1f36fa",
                "username": "crazyfrog166",
                "password": "1993",
                "salt": "QCgBdxpQ",
                "md5": "337e281f2b255dee9ab001498a95a337",
                "sha1": "ba7777ee979ee3d192bc59434a840b8e92b69356",
                "sha256": "013e65d50df3161c57d9bd8ebe70a6c89a544c955ab8d1c671b2326622efebd4"
            },
            "dob": {
                "date": "1993-04-21T09:48:23Z",
                "age": 25
            },
            "registered": {
                "date": "2003-11-18T02:50:14Z",
                "age": 15
            },
            "phone": "72826850",
            "cell": "95961657",
            "id": {
                "name": "FN",
                "value": "21049308253"
            },
            "picture": {
                "large": "https://randomuser.me/api/portraits/men/95.jpg",
                "medium": "https://randomuser.me/api/portraits/med/men/95.jpg",
                "thumbnail": "https://randomuser.me/api/portraits/thumb/men/95.jpg"
            },
            "nat": "NO"
        },
        {
            "gender": "male",
            "name": {
                "title": "mr",
                "first": "antonio",
                "last": "blanco"
            },
            "location": {
                "street": "5093 calle de alcalá",
                "city": "pontevedra",
                "state": "país vasco",
                "postcode": 40563,
                "coordinates": {
                    "latitude": "-82.8342",
                    "longitude": "15.9193"
                },
                "timezone": {
                    "offset": "0:00",
                    "description": "Western Europe Time, London, Lisbon, Casablanca"
                }
            },
            "email": "antonio.blanco@example.com",
            "login": {
                "uuid": "85779f77-4f91-47cf-890f-52fe72da7895",
                "username": "happydog131",
                "password": "erection",
                "salt": "nf6qoZIB",
                "md5": "b091e7efe8883b1f1f8a62276a3f53a2",
                "sha1": "2eeebe44287a468b4b235a07b40365f2bc832315",
                "sha256": "9b1f05297ff331d2a845b0973c8bd1e615d16daef5ddc4ca4d1bc55d0365989a"
            },
            "dob": {
                "date": "1984-12-31T17:21:26Z",
                "age": 33
            },
            "registered": {
                "date": "2004-10-22T20:33:44Z",
                "age": 14
            },
            "phone": "904-097-614",
            "cell": "637-880-453",
            "id": {
                "name": "DNI",
                "value": "59174230-O"
            },
            "picture": {
                "large": "https://randomuser.me/api/portraits/men/6.jpg",
                "medium": "https://randomuser.me/api/portraits/med/men/6.jpg",
                "thumbnail": "https://randomuser.me/api/portraits/thumb/men/6.jpg"
            },
            "nat": "ES"
        },
        {
            "gender": "male",
            "name": {
                "title": "mr",
                "first": "andreas",
                "last": "pedersen"
            },
            "location": {
                "street": "2659 landlystvej",
                "city": "agerbæk",
                "state": "syddanmark",
                "postcode": 46226,
                "coordinates": {
                    "latitude": "2.7451",
                    "longitude": "-121.4597"
                },
                "timezone": {
                    "offset": "+4:30",
                    "description": "Kabul"
                }
            },
            "email": "andreas.pedersen@example.com",
            "login": {
                "uuid": "108ea691-5c7e-4b57-9005-b4081ee84a09",
                "username": "greenfish585",
                "password": "1224",
                "salt": "RfM7fyFf",
                "md5": "4de56daa1ccf832fc960e1ca5e38c423",
                "sha1": "5465aac08b701c13e2cf1ba7f5ec72efc8687200",
                "sha256": "868c78d8387b4377233124c8db615e7d6bdeec1afed2e7e8da7c94ffc4b96cad"
            },
            "dob": {
                "date": "1990-06-19T10:32:52Z",
                "age": 28
            },
            "registered": {
                "date": "2012-07-18T13:50:01Z",
                "age": 6
            },
            "phone": "10338336",
            "cell": "99167632",
            "id": {
                "name": "CPR",
                "value": "673623-2658"
            },
            "picture": {
                "large": "https://randomuser.me/api/portraits/men/37.jpg",
                "medium": "https://randomuser.me/api/portraits/med/men/37.jpg",
                "thumbnail": "https://randomuser.me/api/portraits/thumb/men/37.jpg"
            },
            "nat": "DK"
        },
        {
            "gender": "female",
            "name": {
                "title": "mrs",
                "first": "aaya",
                "last": "van arkel"
            },
            "location": {
                "street": "8858 alexander numankade",
                "city": "aalsmeer",
                "state": "groningen",
                "postcode": 96118,
                "coordinates": {
                    "latitude": "-61.8841",
                    "longitude": "141.2452"
                },
                "timezone": {
                    "offset": "+6:00",
                    "description": "Almaty, Dhaka, Colombo"
                }
            },
            "email": "aaya.vanarkel@example.com",
            "login": {
                "uuid": "9fe4bc5b-1d5f-415b-a717-054b0451e1fb",
                "username": "beautifulsnake137",
                "password": "moocow",
                "salt": "5M0I5X6D",
                "md5": "4c939e24e02b0cfcc4ce1b90c9a70e90",
                "sha1": "ccaa5845ba00b39cdca59e74f74e1e059ff4aeb9",
                "sha256": "4c2e505d3afa3fbc344ad84c0d6b80bedbb056b687c745f421e3c7ed9d984a5c"
            },
            "dob": {
                "date": "1967-09-22T17:33:25Z",
                "age": 51
            },
            "registered": {
                "date": "2006-06-07T06:09:17Z",
                "age": 12
            },
            "phone": "(237)-022-7377",
            "cell": "(489)-948-1876",
            "id": {
                "name": "BSN",
                "value": "15331566"
            },
            "picture": {
                "large": "https://randomuser.me/api/portraits/women/72.jpg",
                "medium": "https://randomuser.me/api/portraits/med/women/72.jpg",
                "thumbnail": "https://randomuser.me/api/portraits/thumb/women/72.jpg"
            },
            "nat": "NL"
        },
        {
            "gender": "male",
            "name": {
                "title": "mr",
                "first": "samu",
                "last": "keto"
            },
            "location": {
                "street": "3005 esplanadi",
                "city": "hailuoto",
                "state": "south karelia",
                "postcode": 69253,
                "coordinates": {
                    "latitude": "-42.1946",
                    "longitude": "142.6885"
                },
                "timezone": {
                    "offset": "+8:00",
                    "description": "Beijing, Perth, Singapore, Hong Kong"
                }
            },
            "email": "samu.keto@example.com",
            "login": {
                "uuid": "3ad91e9f-a1a8-4bd1-a632-0784be531e43",
                "username": "yellowbear653",
                "password": "1115",
                "salt": "gHJr1r9r",
                "md5": "9eda484d9c7ea18d4ba8cf31902753db",
                "sha1": "3282a67c6298e74afbc9a6a958c28f499ad6c970",
                "sha256": "1c7865d8821cb28c6529540cdaaabb3a4a8f5cf77f56163b23c2f0897e95ed8d"
            },
            "dob": {
                "date": "1975-09-23T05:53:17Z",
                "age": 43
            },
            "registered": {
                "date": "2018-03-09T08:41:48Z",
                "age": 0
            },
            "phone": "08-265-734",
            "cell": "043-869-75-06",
            "id": {
                "name": "HETU",
                "value": "NaNNA791undefined"
            },
            "picture": {
                "large": "https://randomuser.me/api/portraits/men/58.jpg",
                "medium": "https://randomuser.me/api/portraits/med/men/58.jpg",
                "thumbnail": "https://randomuser.me/api/portraits/thumb/men/58.jpg"
            },
            "nat": "FI"
        },
        {
            "gender": "male",
            "name": {
                "title": "mr",
                "first": "rúpio",
                "last": "oliveira"
            },
            "location": {
                "street": "9564 rua santos dumont ",
                "city": "araruama",
                "state": "distrito federal",
                "postcode": 22031,
                "coordinates": {
                    "latitude": "60.2000",
                    "longitude": "20.5421"
                },
                "timezone": {
                    "offset": "-11:00",
                    "description": "Midway Island, Samoa"
                }
            },
            "email": "rúpio.oliveira@example.com",
            "login": {
                "uuid": "75620c21-071f-4ba2-a5bd-c06959f2c745",
                "username": "yellowlion180",
                "password": "plumber",
                "salt": "sVZCsUom",
                "md5": "3c089cdfd60854b7569960150e57b070",
                "sha1": "9a6fec29269ce06217c28371cef42e8d6f60e823",
                "sha256": "6e73210a6d3c95bb611c0809e18bbb9363aef8c38ee725def6602dd539f07738"
            },
            "dob": {
                "date": "1981-05-06T18:55:00Z",
                "age": 37
            },
            "registered": {
                "date": "2012-10-08T11:41:02Z",
                "age": 6
            },
            "phone": "(22) 5979-3022",
            "cell": "(24) 8132-6568",
            "id": {
                "name": "",
                "value": null
            },
            "picture": {
                "large": "https://randomuser.me/api/portraits/men/41.jpg",
                "medium": "https://randomuser.me/api/portraits/med/men/41.jpg",
                "thumbnail": "https://randomuser.me/api/portraits/thumb/men/41.jpg"
            },
            "nat": "BR"
        },
        {
            "gender": "female",
            "name": {
                "title": "ms",
                "first": "yvonne",
                "last": "douglas"
            },
            "location": {
                "street": "8056 lovers ln",
                "city": "geelong",
                "state": "queensland",
                "postcode": 9802,
                "coordinates": {
                    "latitude": "-77.6264",
                    "longitude": "19.5223"
                },
                "timezone": {
                    "offset": "-3:00",
                    "description": "Brazil, Buenos Aires, Georgetown"
                }
            },
            "email": "yvonne.douglas@example.com",
            "login": {
                "uuid": "551ba470-e6b1-4af1-a810-548da62165d5",
                "username": "ticklishleopard625",
                "password": "nicole",
                "salt": "PArXQrJ7",
                "md5": "6eda78d196f0e483ab0396623f2a5934",
                "sha1": "7fad765b1cb437f51350cf66cbc5a51e08d6651c",
                "sha256": "eff680d7508a30187156042fefcc5ec1ed4a813ee6c3ecf87d305064f506d603"
            },
            "dob": {
                "date": "1990-05-22T21:12:26Z",
                "age": 28
            },
            "registered": {
                "date": "2002-04-17T15:29:58Z",
                "age": 16
            },
            "phone": "03-4041-4453",
            "cell": "0463-632-981",
            "id": {
                "name": "TFN",
                "value": "315024343"
            },
            "picture": {
                "large": "https://randomuser.me/api/portraits/women/57.jpg",
                "medium": "https://randomuser.me/api/portraits/med/women/57.jpg",
                "thumbnail": "https://randomuser.me/api/portraits/thumb/women/57.jpg"
            },
            "nat": "AU"
        },
        {
            "gender": "female",
            "name": {
                "title": "mrs",
                "first": "eva",
                "last": "fuentes"
            },
            "location": {
                "street": "6846 calle de téllez",
                "city": "mérida",
                "state": "islas baleares",
                "postcode": 39268,
                "coordinates": {
                    "latitude": "-22.1217",
                    "longitude": "58.9234"
                },
                "timezone": {
                    "offset": "+5:30",
                    "description": "Bombay, Calcutta, Madras, New Delhi"
                }
            },
            "email": "eva.fuentes@example.com",
            "login": {
                "uuid": "fe2aca64-ac5a-4453-a8eb-f0b9ce005fe9",
                "username": "organicmeercat889",
                "password": "cathy",
                "salt": "GoOOO6R8",
                "md5": "8d3e8ea27f7797b28ea05249633034ad",
                "sha1": "aa453b80953a3cd56386a6a90e41c8eea691697a",
                "sha256": "53c1c46480b935253fc554ec2a5760657f83b7b799effe7806740dc8dc327c5b"
            },
            "dob": {
                "date": "1957-11-26T21:22:21Z",
                "age": 61
            },
            "registered": {
                "date": "2004-03-01T06:10:57Z",
                "age": 14
            },
            "phone": "989-117-984",
            "cell": "697-886-935",
            "id": {
                "name": "DNI",
                "value": "54199046-D"
            },
            "picture": {
                "large": "https://randomuser.me/api/portraits/women/81.jpg",
                "medium": "https://randomuser.me/api/portraits/med/women/81.jpg",
                "thumbnail": "https://randomuser.me/api/portraits/thumb/women/81.jpg"
            },
            "nat": "ES"
        },
        {
            "gender": "female",
            "name": {
                "title": "ms",
                "first": "lurdes",
                "last": "gomes"
            },
            "location": {
                "street": "4111 rua santa luzia ",
                "city": "franco da rocha",
                "state": "mato grosso",
                "postcode": 90244,
                "coordinates": {
                    "latitude": "89.7785",
                    "longitude": "18.6347"
                },
                "timezone": {
                    "offset": "-4:00",
                    "description": "Atlantic Time (Canada), Caracas, La Paz"
                }
            },
            "email": "lurdes.gomes@example.com",
            "login": {
                "uuid": "ece791d0-64c4-45c0-b4b6-cb7cff7c2cba",
                "username": "lazydog385",
                "password": "rocky1",
                "salt": "fwySsQae",
                "md5": "b418454b11391c0c9da8965758eba91f",
                "sha1": "8372c0e634bab03214132cdb98d66993e4e57e4e",
                "sha256": "bd38287948d39ad6e4e4d1ecf566dbdca2c359eafff0183b8895266cd9f0c894"
            },
            "dob": {
                "date": "1984-08-11T08:24:49Z",
                "age": 34
            },
            "registered": {
                "date": "2012-07-25T04:27:37Z",
                "age": 6
            },
            "phone": "(66) 2673-3558",
            "cell": "(78) 1617-7191",
            "id": {
                "name": "",
                "value": null
            },
            "picture": {
                "large": "https://randomuser.me/api/portraits/women/24.jpg",
                "medium": "https://randomuser.me/api/portraits/med/women/24.jpg",
                "thumbnail": "https://randomuser.me/api/portraits/thumb/women/24.jpg"
            },
            "nat": "BR"
        },
        {
            "gender": "male",
            "name": {
                "title": "mr",
                "first": "alfred",
                "last": "møller"
            },
            "location": {
                "street": "926 æblehaven",
                "city": "ølstykke",
                "state": "sjælland",
                "postcode": 23430,
                "coordinates": {
                    "latitude": "-58.1773",
                    "longitude": "7.3895"
                },
                "timezone": {
                    "offset": "+4:00",
                    "description": "Abu Dhabi, Muscat, Baku, Tbilisi"
                }
            },
            "email": "alfred.møller@example.com",
            "login": {
                "uuid": "56289a65-d4d4-411b-a189-4d4f40f099f9",
                "username": "silvermouse381",
                "password": "pain",
                "salt": "da5aPgw5",
                "md5": "3831e3da204813ef7da6470a1db2a0ed",
                "sha1": "64c114339a83dc7f61ceb69d8018d80a51563bb5",
                "sha256": "318d14a53fb01f517aec23876673b65b6c3e671dd6e400af6b0a3ff991a62ad7"
            },
            "dob": {
                "date": "1991-10-30T17:55:13Z",
                "age": 27
            },
            "registered": {
                "date": "2013-05-29T00:00:36Z",
                "age": 5
            },
            "phone": "86785935",
            "cell": "03338745",
            "id": {
                "name": "CPR",
                "value": "374662-3073"
            },
            "picture": {
                "large": "https://randomuser.me/api/portraits/men/59.jpg",
                "medium": "https://randomuser.me/api/portraits/med/men/59.jpg",
                "thumbnail": "https://randomuser.me/api/portraits/thumb/men/59.jpg"
            },
            "nat": "DK"
        },
        {
            "gender": "female",
            "name": {
                "title": "madame",
                "first": "alexia",
                "last": "noel"
            },
            "location": {
                "street": "2950 rue de l'abbé-carton",
                "city": "mühlau",
                "state": "zürich",
                "postcode": 7674,
                "coordinates": {
                    "latitude": "58.2694",
                    "longitude": "-82.9366"
                },
                "timezone": {
                    "offset": "+4:00",
                    "description": "Abu Dhabi, Muscat, Baku, Tbilisi"
                }
            },
            "email": "alexia.noel@example.com",
            "login": {
                "uuid": "99c566da-fc91-49be-a15d-b0fb1424cd74",
                "username": "yellowbear716",
                "password": "hillbill",
                "salt": "RBQI3WcX",
                "md5": "4b682ec2986864c81c507860c9a6ae14",
                "sha1": "ab4d7043d577c245e5305695452e897620175627",
                "sha256": "a4a992494f7e0999517728871f57e6f2b246a7ad3a4edf7ca02a16fecaaa4a3e"
            },
            "dob": {
                "date": "1945-09-03T10:30:38Z",
                "age": 73
            },
            "registered": {
                "date": "2008-09-20T09:16:17Z",
                "age": 10
            },
            "phone": "(153)-737-4661",
            "cell": "(569)-656-7176",
            "id": {
                "name": "AVS",
                "value": "756.8313.3335.60"
            },
            "picture": {
                "large": "https://randomuser.me/api/portraits/women/2.jpg",
                "medium": "https://randomuser.me/api/portraits/med/women/2.jpg",
                "thumbnail": "https://randomuser.me/api/portraits/thumb/women/2.jpg"
            },
            "nat": "CH"
        },
        {
            "gender": "male",
            "name": {
                "title": "mr",
                "first": "caleb",
                "last": "white"
            },
            "location": {
                "street": "6028 great king street",
                "city": "auckland",
                "state": "hawke's bay",
                "postcode": 75455,
                "coordinates": {
                    "latitude": "45.7031",
                    "longitude": "-95.1202"
                },
                "timezone": {
                    "offset": "+7:00",
                    "description": "Bangkok, Hanoi, Jakarta"
                }
            },
            "email": "caleb.white@example.com",
            "login": {
                "uuid": "3bf91ba6-438e-4ce4-9433-7e254a8ad09f",
                "username": "silverduck287",
                "password": "terminal",
                "salt": "e0jRmIOc",
                "md5": "c35450586d00622404b8dd82926bce7d",
                "sha1": "d0d44272043fc1c316504c1168a54b3e70e640e0",
                "sha256": "eaa43a08cccd28cc156561d8cbee655f5c4f7e9f6c25a4efb8d9e2c41f1b541c"
            },
            "dob": {
                "date": "1988-05-03T01:35:17Z",
                "age": 30
            },
            "registered": {
                "date": "2008-11-05T10:20:46Z",
                "age": 10
            },
            "phone": "(137)-170-8941",
            "cell": "(379)-187-5028",
            "id": {
                "name": "",
                "value": null
            },
            "picture": {
                "large": "https://randomuser.me/api/portraits/men/86.jpg",
                "medium": "https://randomuser.me/api/portraits/med/men/86.jpg",
                "thumbnail": "https://randomuser.me/api/portraits/thumb/men/86.jpg"
            },
            "nat": "NZ"
        },
        {
            "gender": "female",
            "name": {
                "title": "miss",
                "first": "susie",
                "last": "rhodes"
            },
            "location": {
                "street": "7246 o'connell avenue",
                "city": "kinsealy-drinan",
                "state": "tipperary",
                "postcode": 75086,
                "coordinates": {
                    "latitude": "-51.3542",
                    "longitude": "114.9245"
                },
                "timezone": {
                    "offset": "-4:00",
                    "description": "Atlantic Time (Canada), Caracas, La Paz"
                }
            },
            "email": "susie.rhodes@example.com",
            "login": {
                "uuid": "537668a6-4ca4-49fa-989d-09570726784a",
                "username": "bigostrich140",
                "password": "jiong",
                "salt": "Les1fO7Q",
                "md5": "ca46071a3ea5519f6422cf8b8d9bbedd",
                "sha1": "d4fd4d3f858cd9f3dad5050e08eb32e19182b232",
                "sha256": "19912661af0945f25002716d8f3df26f335d021e3df7329e4551d0ca51baa5c8"
            },
            "dob": {
                "date": "1956-11-01T10:50:25Z",
                "age": 62
            },
            "registered": {
                "date": "2017-08-31T21:33:49Z",
                "age": 1
            },
            "phone": "021-382-7359",
            "cell": "081-225-7117",
            "id": {
                "name": "PPS",
                "value": "3215739T"
            },
            "picture": {
                "large": "https://randomuser.me/api/portraits/women/91.jpg",
                "medium": "https://randomuser.me/api/portraits/med/women/91.jpg",
                "thumbnail": "https://randomuser.me/api/portraits/thumb/women/91.jpg"
            },
            "nat": "IE"
        }
    ],
    "info": {
        "seed": "${seed}",
        "results": 20,
        "page": 1,
        "version": "1.2"
    }
}